{
  "initialization_time_planning": 1.3258681297302246,
  "execution_time_planning": 58.82268261909485,
  "initialization_time_control": 1.0778260231018066,
  "execution_time_control": 136.3385100364685,
  "total_time": 197.56488680839539
}