{
  "initialization_time_planning": 1.1329355239868164,
  "execution_time_planning": 81.74549174308777,
  "total_time": 82.87842726707458
}