{
"CM05": [
2225063.5465596197,
-5440128.205949838,
-2481550.0798585713
],
"CM04": [
2225074.0680119074,
-5440115.2506079925,
-2481568.943967133
],
"CM03": [
2225076.734756043,
-5440122.933161074,
-2481549.8242433877
]
}
