{
  "initialization_time_planning": 1.1130847930908203,
  "execution_time_planning": 48.02627515792847,
  "initialization_time_control": 1.0818822383880615,
  "execution_time_control": 39.56695532798767,
  "total_time": 89.78819751739502
}