{
  "initialization_time_planning": 1.1130847930908203,
  "execution_time_planning": 48.02627515792847,
  "initialization_time_control": 1.076167106628418,
  "execution_time_control": 51.85923933982849,
  "total_time": 102.0747663974762
}