{
  "initialization_time_control": 1.107393503189087,
  "execution_time_control": 35.856446504592896,
  "total_time": 36.96384000778198
}