{
  "initialization_time_control": 1.1121604442596436,
  "execution_time_control": 42.093022108078,
  "total_time": 43.20518255233765
}