{
  "initialization_time_control": 1.082066535949707,
  "execution_time_control": 43.922751665115356,
  "total_time": 45.00481820106506
}