{
  "initialization_time_control": 1.4490294456481934,
  "execution_time_control": 348.3583860397339,
  "total_time": 349.8074154853821
}