{
  "initialization_time_control": 1.354168176651001,
  "execution_time_control": 125.42712903022766,
  "total_time": 126.78129720687866
}