{
  "initialization_time_planning": 1.526726245880127,
  "execution_time_planning": 46.69786190986633,
  "initialization_time_control": 1.1858930587768555,
  "execution_time_control": 197.8676323890686,
  "total_time": 247.27811360359192
}